feature,Q01_C,Q01_ISBLK,Q01_N,Q01_NC10,Q01_NC20,Q01_NC30,Q01_NC40,Q01_NC50,Q01_NC75,Q01_QC_1,Q01_QC_10,Q01_QC_11,Q01_QC_2,Q01_QC_3,Q01_QC_4,Q01_QC_5,Q01_QC_6,Q01_QC_7,Q01_QC_8,Q01_QC_9,S01_RD001,S01_RD002,S01_RD003,S01_RD004,S01_RD005,S01_RD006,S01_RD007,S01_RD008,S01_RD009,S01_RD010,S01_RD011,S01_RD012,S01_RD013,S01_RD014,S01_RD015,S01_RD016,S01_RD017,S01_RD018,S01_RD019,S01_RD020,S01_RD021,S01_RD022,S01_RD023,S01_RD024,S01_RD025,S01_RD026,S01_RD027,S01_RD028,S01_RD029,S01_RD030,S01_RD031,S01_RD032,S01_RD033,S01_RD034,S01_RD035,S01_RD036,S01_RD037,S01_RD038,S01_RD039,S01_RD040,S01_RD041,S01_RD042,S01_RD043,S01_RD044,S01_RD045,S01_RD046,S01_RD047,S01_RD048,S01_RD049,S01_RD050,S01_RD051,S01_RD052,S01_RD053,S01_RD054,S01_RD055,S01_RD056,S01_RD057,S01_RD058,S01_RD059,S01_RD060,S01_RD061,S01_RD062,S01_RD063,S01_RD064,S01_RD065,S01_RD066,S01_RD067,S01_RD068,S01_RD069,S01_RD070,S01_RD071,S01_RD072,S01_RD073,S01_RD074,S01_RD075,S01_RD076,S01_RD077,S01_RD078,S01_RD079,S01_RD080,S01_RD081,S01_RD082,S01_RD083,S01_RD084,S01_RD085,S01_RD086,S01_RD087,S01_RD088,S01_RD089,S01_RD090,S01_RD091,S01_RD092,S01_RD093,S01_RD094,S01_RD095,S01_RD096,S01_RD097,S01_RD098,S01_RD099,S01_RD100
DS01,659639,10812,395994,439697,354497,389520,428863,409068,466038,488312,504104,504511,493842,485810,510482,521466,590059,514451,536523,499869,128310,297790,149750,81076,1850808,4062514,737884,921967,87011,649455,127633,97191,884197,44644,1087207,1866049,150138,158627,146161,149249,1331302,4839429,131542,2714012,1398678,408796,1654647,228565,139557,79089,114279,10149773,120516,186535,114583,249113,31037,389280,3506747,178571,646600,3019469,169654,4756291,83438,287058,1542755,334678,283715,654938,389305,163797,123942,264802,169944,123718,4101807,486938,387924,52233,643169,2006710,118288,959269,87130,1298360,60401,277180,58382,95401,73268,340706,101289,185364,50346,37739,402455,459421,256830,216481,814137,293924,168254,235973,238121,3021122,127754,57047,349432,290438,1129905,157457,297845,125844,485372,287720,55524,122998,171146,179719
DS02,1811007,8629,938797,976216,1049351,1214114,1229385,1189979,1250999,1452892,1463153,1352710,1307549,1433502,1435327,1366552,1418898,1464033,1190466,1359415,192406,1264018,581427,313103,975797,8943991,1742650,7446710,250242,424209,95765,299572,2287552,179488,1671958,3221213,160312,207083,1135989,332526,4685154,14026006,90814,3691402,4811205,24719,2258038,1854939,564412,193446,411879,15426230,1286706,422419,102744,691179,42460,463430,12373388,276199,276245,10337598,80869,8717815,382030,866708,4933896,2865050,478878,476614,1514310,89293,498510,324808,410012,215412,4680777,2980769,361611,118853,3877211,5648917,96843,1593709,398026,1910372,158233,561113,259615,895216,274333,824540,406438,461149,115688,24415,530512,486278,2497954,2430100,1614269,5703475,279466,2917334,1576222,5981347,482146,788000,4350185,1018572,4696038,548509,2300681,599173,4580824,543286,101460,1907581,918899,1580424
DS03,1481894,2811,1958271,1717064,1603428,1805119,1816942,1476380,1269550,1908423,1810799,1746461,1620372,1732890,1822043,1767364,1766058,1738973,1766921,1742226,1605988,2191589,3136097,4573660,2327774,9295808,2107993,1566684,840101,2533707,1414395,2484062,3108981,674301,894031,10217673,664752,1257861,322353,6437,-28551,13474952,5938322,3602131,308291,464475,1553522,1248442,4737,598917,1500690,8564121,4926368,2898975,201203,1675523,1624438,1594574,6034188,1434814,310106,-28638,6947,5604654,3588292,2059577,1089269,-39101,-2393,2858873,-47740,605696,680439,712523,2251790,666690,3328962,4934538,2656666,38769,2529095,6820562,526429,340670,4245564,3382941,705458,588345,1423239,240,5695,3760479,1796332,985459,296358,142237,1291809,1577743,2135062,7695051,1953321,704775,1932180,-18150,-11835,10373971,-11047,869506,190736,-13404,1713869,2055108,108933,-5950,-186804,1007026,356457,4375882,46909,4483783
DS04,41172,560,29070,31385,33999,30784,39924,33599,35338,38241,43100,41038,45285,45974,44477,44163,46467,49072,41859,44569,24551,10902,61123,24599,10522,47244,90342,78972,103214,23851,38709,12672,19863,12362,17418,39332,3367,162194,24877,76778,27396,32146,5680,82127,48457,21544,12881,21773,42760,5375,12308,405946,11216,18440,3039,130267,5581,33099,29814,131254,6916,45343,68235,106902,51408,21667,19830,30983,346265,15801,20846,23359,89888,28557,7327,10150,13765,10106,4935,53614,24460,19026,33977,14352,11651,336878,8256,111227,36733,6106,37307,73149,82620,47334,29200,20777,16430,114459,14236,18932,45550,21819,79923,24140,45203,321718,71530,17045,8550,4876,19441,28449,20753,77968,23705,248575,57094,69043,82447,21900
DS05,439162,1174,234459,285002,294761,310800,333529,316362,336146,466977,407766,411311,393867,416872,425333,386345,371462,401766,377101,383153,366924,156180,684463,161713,80510,873438,399566,2194470,787078,228129,314084,245731,123645,116914,147284,283753,46051,780660,419442,357797,565456,832535,63327,670544,561650,79018,71487,178128,1160464,156919,247950,1555567,179895,163712,27852,589672,105394,367957,299967,929803,87230,497710,205120,1337075,209373,128749,733830,612904,2643463,45887,164886,148699,584197,677469,30240,51076,154551,127694,60538,765907,147466,755493,263914,70172,137486,612848,300659,960220,784007,92239,144529,576714,426042,745328,207920,80963,78015,337076,299977,292287,286630,478866,642303,210057,497670,3170378,971835,842665,321682,97172,368496,739816,234713,429890,862582,2799960,643051,599940,810149,347388
DS06,100965,659,95734,86179,98136,93547,99536,83549,85323,95534,102506,97106,106100,104348,104444,104181,100738,120227,101200,105847,210583,88892,436213,87008,45051,279524,122843,153236,296809,200465,190506,76041,31126,31714,24499,276935,25373,422354,29930,-7306,-7964,257281,126133,93734,18080,82731,23517,45080,-11160,42402,69270,301893,116432,80803,4048,293047,120762,191243,110187,374921,10159,417,4005,235141,65116,96023,40050,-970,-6160,85411,-399,30081,38603,117417,49041,20489,49785,77750,38139,75827,81243,283698,52301,7004,161393,412166,42404,195857,61467,-3742,-2393,262858,148944,89374,35611,44316,61272,327439,46578,180577,145600,17432,189469,-978,-6390,1673740,-7739,102464,4405,429,50184,160778,777,1086,-8457,376834,65475,306429,-2057,166740
DS07,15438,6274,13352,12192,13126,15535,14286,14323,11966,14485,18326,16532,15630,17021,16638,17018,17231,18549,17989,17395,27896,14297,17643,19636,28757,77275,11530,12323,111602,21951,31710,38141,14555,12129,15785,15663,11894,11972,10129,8482,8104,70808,36398,11496,10238,10079,10618,7537,7843,23728,16293,33059,19248,26194,9710,40644,10911,35328,12217,17725,8428,7707,7434,105880,25670,13777,9319,8314,8361,11460,7104,12537,9689,14888,21008,11074,11808,13817,12862,7130,11649,18154,23614,8225,24872,13316,21510,12208,12650,8075,6941,76093,8800,16996,12923,9546,9981,10440,9672,55976,12130,8941,13915,6948,6837,39823,6347,26670,6126,8042,21282,23042,6752,7966,7047,30609,16627,24626,6220,15131
DS08,61983,149,38953,42365,51987,52741,57378,46041,51752,58328,65381,61398,60293,59473,67045,64836,65177,65813,59372,66963,92035,169289,105008,28262,9467,221458,35301,157812,68796,20434,24257,39339,45275,11888,14974,10221,3298,520647,147587,25551,361892,122277,6945,100659,79283,20300,16264,42716,475357,15430,26009,1660890,137699,22564,3050,16664,13699,58735,42593,110539,9058,45473,3905,101923,33414,48346,70096,522309,66983,8999,26691,18503,25275,80183,5252,6447,32185,40063,18310,30589,16344,112642,19567,14479,23680,169794,57900,166426,87192,55987,93342,81821,38068,110896,30882,10136,8758,29808,22689,107579,40161,50133,35525,9164,157131,198008,132216,62721,315806,71189,45830,56344,68593,137191,146061,105171,56890,109694,432940,37927
DS09,13487,761,11018,11255,11937,10328,11030,10890,8504,12568,13650,13038,12688,11092,13641,13723,14476,13625,13914,12888,6083,5545,10727,4671,2494,5663,36327,6935,54757,3453,7956,3387,10577,3749,3506,9222,3235,51439,4403,50590,2451,13530,1374,12680,3444,12440,4340,7668,8255,2045,1979,7454,2470,4086,1170,19651,2308,7373,5298,26352,3040,9235,21099,18645,16372,3593,3663,3326,165124,5125,6042,3211,41202,5595,2885,2833,2526,2473,1492,9128,8976,4167,9174,4749,2759,143579,2726,12252,9891,3732,22481,18110,17678,17865,8981,33079,11651,56111,2832,1764,8715,7699,18792,5110,22766,28506,30589,4737,4453,832,10135,8826,4123,18733,3325,67296,12478,14127,7462,3834
DS10,405411,12486,381410,371200,360078,374922,427619,354481,342814,409996,461380,403030,405774,418824,416983,404249,423355,407047,411902,432389,301492,1021343,323250,363447,197192,1935916,255752,1056684,209393,262947,217177,216232,1356242,103962,174819,360956,66596,334139,606849,44382,3743035,1836363,875994,812303,401029,49366,448462,755987,831273,110000,287484,18626619,2380357,391141,93137,221237,138244,250410,866143,255889,262264,1010146,18732,794346,363613,553394,490134,2051523,47052,187150,437879,69089,166302,147243,444303,80957,1087821,844715,386213,14219,366155,1057773,105751,206212,454198,642774,157631,204267,597689,1168301,464648,436266,246311,320472,89265,28181,174787,157454,440373,1272899,264941,662880,412572,89079,700868,921928,172811,161933,4327304,786808,673853,259780,498641,509685,1069396,150783,78456,408571,771171,392913
DS11,809048,20714,1069868,1081525,968676,1014619,974272,802836,707301,1006322,1049548,982071,1007309,1009058,1070567,1018345,1005941,1025129,968077,1020405,1072450,771445,1957044,1255513,817380,4403262,368398,2390907,502970,915852,1018965,975583,3216089,375847,362436,1840006,175203,351797,1685285,353062,2354190,911567,3584412,980593,62125,285893,893938,1537416,407099,267431,925366,1531205,2688369,1524164,214285,460893,481656,1274616,880260,470416,87273,5059100,15086,683893,3251285,1943288,784405,3832992,17226,797644,2469285,253917,518106,543467,1563586,428580,1095594,1634908,782938,15517,622388,1667372,332873,90092,2587409,1395454,324923,546793,844724,2642383,812023,1557002,1127388,838261,399351,139672,403567,725541,1935565,3405808,257289,932460,834765,525009,2003447,2863319,410481,314182,1747668,1312312,730461,672934,622332,728683,3272690,1478329,213293,2682547,1572345,984880
NB01,2263233,2179088,2035247,2169823,1942064,2070879,1918691,2030658,1742824,2290301,2164071,2046463,2044364,2216188,2481738,2119622,2294894,2253276,2016280,1812431,2076092,2283247,2141770,2201971,2430538,2660710,2429955,2347197,2639107,2407470,2172886,2330629,2223716,2871402,2464455,2542256,2345541,2637988,2279539,2132121,2509720,2439642,2376783,2360049,2266397,2544528,2197027,2077842,2339448,2832438,2707008,2694452,2609015,2519631,2263912,2284953,1995826,2064020,2090522,2749284,2342016,2637337,2254191,2527151,2466361,2235337,2078343,2340551,2276603,2296365,2089776,2096709,2396307,2422712,2571936,2126855,2381761,2361559,2231592,2172255,2081068,2127847,2085210,2241762,2190625,2131512,2210565,2161509,2318715,2037048,1839805,1648395,1924921,2285666,2078283,2103981,2209626,2085216,2183515,2249437,1995741,1948742,1869555,1836056,2071639,1985448,1912389,2038388,2148078,2122344,2422092,2073978,2197733,2354908,2075238,2448382,2211434,2097655,2096490,2175534
NB02,2805470,2194383,2730854,2677705,2770156,2750384,2767074,2576383,2428545,3001993,2987336,2909168,2941314,3005618,3074422,2960706,3083566,3102221,2934740,3037549,2893672,3498898,3174874,3068702,3312712,3127475,3150268,3114445,2930893,3488206,2972203,3179298,3042074,2848575,3618866,3240302,3552705,3261354,3439008,3370604,3224858,3201444,3299373,3076575,3099703,3084174,3080217,2966306,2872715,3508578,3416093,3169792,3340046,3233259,3183291,3283677,3082222,3018626,2942830,3370138,3212770,3113705,3200267,3059115,3454663,3032636,2712766,3289562,3028701,3023813,2821316,3057595,3392187,3273361,3131632,3118254,3240499,2940716,2835666,2780330,2906013,2800072,2928523,3005200,2589582,3025322,3186654,3146546,3099734,2827541,2597671,2478720,2718973,2826381,2988787,2803672,2804862,2922930,2970943,2980645,2889851,2719658,2673548,2464256,2925613,2754806,2980603,2924832,2786586,2844893,3116598,2837868,3017488,3268837,2773321,2962619,2910430,2632295,2860631,2804002
NB03,7972155,7098610,6987803,7462938,7274710,7735934,6554394,7158698,6783523,8046800,8395268,8341600,7732681,8328646,8476464,8011701,8174741,8507068,7044794,8141261,7641257,8321178,8102328,8429883,9242481,8805787,8927420,8003810,8088512,9102894,8188714,8776722,8033402,9112534,8740901,8718199,8981927,8841868,9093080,8712582,8848493,8961460,8830675,8313285,8356451,8133066,8253848,7749917,9159067,9293605,9381596,8927524,8897611,9152453,8600507,8960674,8125085,8103956,8623158,9166460,8706674,8857825,9037012,8636564,9596349,7754180,7859878,8771785,8336037,8115645,8363988,8227285,8899712,8515109,8969476,8541716,8764820,8068524,7991029,7916228,8072663,7785046,8026300,7500137,7994392,8168947,8379869,8765451,8310939,7701790,7353950,7052131,7622612,8302836,7734732,8153316,7914577,7669997,8114294,7833432,8339016,7411713,6855776,7163771,7707369,7415487,7288911,7846053,7770485,7929417,8558083,8424082,8134008,8486371,7605798,8369024,7772069,7245790,7700425,7593758
NB04,263241,182453,211349,217629,244044,221060,231722,249977,217976,244493,300420,289659,268427,261183,265100,285599,279455,291303,277684,289419,239559,284405,278363,285562,301712,300085,273024,286038,272176,322006,267606,314120,291723,309974,328486,301429,302511,302893,314686,335165,331682,302761,323088,334259,283224,329030,310093,289519,318292,328823,290396,312763,343537,322133,292800,319747,291270,286719,293487,338911,271664,304263,279743,302744,317447,279237,272619,303380,275722,291111,327216,288895,340685,311244,297618,282673,319020,286066,266900,272545,259912,259435,283180,274119,243285,257687,268951,316378,294455,259020,264355,221732,277896,294280,259021,310955,265953,244648,280382,255587,278551,251343,239207,262350,265364,241557,289352,287021,270725,272111,334582,245894,270568,311484,267401,264887,274983,246168,277717,293837
NB05,505957,363710,435000,444407,456519,458303,462818,466589,424913,514027,567475,546726,509385,529768,542588,530617,543896,567597,528070,552796,513194,537109,508665,559835,616674,552350,532584,557148,525705,629062,519414,576303,523652,648617,658085,623710,660488,571428,595970,578333,638126,628621,603075,629858,600863,559815,568493,538280,649937,610695,609677,569733,637939,619795,652441,586208,586677,541776,601256,609675,586984,652654,609073,584153,649137,529807,524785,597560,520368,596873,607741,570134,608982,640388,600328,605914,558580,570272,582686,535881,573446,563934,570819,535900,554901,516315,607589,504328,528583,498179,509535,427398,507456,566393,536802,541998,586747,561483,535836,506071,496425,456511,460984,484365,555698,457841,536552,552423,545967,515143,552589,497232,571936,610550,497003,551418,502488,505390,509978,521209
NB06,627585,566894,507392,622434,588249,663397,638196,569570,581739,652364,693874,687659,644329,700134,691059,679919,709980,726560,626643,702748,649797,718120,701081,685258,771306,615412,714592,732464,699781,820991,689915,715671,683937,827028,807627,732334,779386,778405,787742,774889,806302,798342,794471,758422,710237,730515,692086,606447,766752,778363,857424,826604,856445,802567,721747,762057,684790,709396,713615,798740,733395,767060,708364,761489,841567,699316,658276,824427,705222,696746,712423,768349,833336,792046,697479,750660,764023,682698,679937,680075,678645,584946,694511,684585,677166,638623,749690,760083,741709,642567,536669,595405,669080,713875,675204,726060,697335,688386,745730,722658,711274,560759,576273,585860,685845,583998,651358,529883,676904,675228,701817,664275,667550,720221,656166,728583,784566,607344,685708,630091
NB07,1264095,1019678,1117901,1155713,1073353,1177285,1137606,1149420,1089193,1415918,1318219,1362767,1275664,1258695,1433451,1263943,1304671,1367652,1272209,1324431,1273981,1271593,1339579,1252744,1381735,1372360,1385195,1314198,1324419,1543854,1319617,1424544,1245794,1382230,1541231,1485696,1473339,1382465,1430846,1225548,1547887,1612894,1429284,1380408,1323532,1258446,1273812,1305366,1463295,1550405,1498987,1510127,1511328,1492804,1466918,1339833,1380900,1310386,1320186,1469858,1384819,1352059,1406734,1479417,1549506,1316080,1330084,1468474,1404986,1370887,1320422,1317116,1454162,1481605,1424626,1392951,1426725,1337348,1337745,1249506,1313387,1340530,1404802,1297584,1308854,1263788,1530039,1457970,1403208,1233195,1166986,1156985,1128869,1331839,1351472,1318620,1297421,1307209,1366706,1302949,1342277,1211538,1163955,1125763,1280783,1271868,1334398,1382136,1275666,1205568,1457852,1363909,1382061,1419193,1238051,1468235,1326091,1183715,1325522,1255100
NB08,449909,397423,351257,425495,418748,401133,460955,417929,381911,492194,554598,502334,472571,488409,476588,494795,475288,504406,522815,498886,436436,491230,521453,506592,581784,574062,530768,560235,552361,592721,495226,592362,554783,574171,605509,595721,565302,516681,584217,619744,647206,531337,588377,578312,493274,526900,556019,557700,610934,609097,580206,504350,627389,576801,540216,597208,481498,561338,541069,601543,524161,532687,558507,557472,608788,507146,505337,556024,553061,541043,523036,535596,617326,572083,574838,535658,533549,531874,470614,473021,515834,517320,498981,479162,498923,486080,526319,582970,539341,477030,477912,430634,495086,551617,519094,526357,480926,436576,498834,510804,512208,466597,457626,429478,504869,480325,568432,516496,536861,510900,555350,473132,512113,614525,528231,517459,565515,497960,500586,544916
NB09,447331,353625,428010,458323,430713,479785,435619,377991,410640,557451,537994,494912,520842,508974,530018,488818,498803,535168,519896,538725,509045,511702,532092,514616,553380,565216,514652,560286,507119,558092,503854,512402,527448,567511,605226,561057,606817,581117,573590,555912,580436,583901,605277,571753,542551,547256,517225,534776,541280,632865,566447,603702,585781,594314,530626,535936,520053,534944,512685,611865,564810,560934,540897,571425,603284,489035,477671,595305,506152,538486,525960,499887,583335,563243,547415,539836,516734,508203,503732,482149,517295,486449,515476,499657,526067,528739,528219,513044,541695,504733,456064,405003,484952,500761,524594,513758,485286,541244,499962,535085,519914,489124,438765,432173,472249,482132,529114,478169,478724,508912,555233,519875,513051,607912,462121,546018,504448,455722,454522,483355
NB10,4444926,4510670,4225025,4580135,4379843,4500903,4444521,4273419,3815629,4974264,4944760,4480727,4738254,4832705,4867395,4726653,4114056,4933695,4743784,4991771,4577463,5103295,4920877,5087576,5483210,4902876,4999662,4865632,4900217,5466081,4669737,4918339,4817878,5493424,5338325,5584100,5652100,5311858,5341669,5277336,5135570,5178080,5280685,4886742,4988459,4965483,4859019,4580208,5004396,5460062,5617407,4720889,5288156,5248008,5107024,4960672,4841187,4896423,5086880,5618996,5139458,5174581,5179567,5202226,5960688,4866629,4656993,5272791,4609711,5110705,5153021,4972109,5387814,5130247,5479398,5140734,5176958,4538883,4944341,4521374,4641230,4804603,4858591,4946145,4787827,5011825,5070364,5215027,4987536,4729654,4203128,3888271,4825752,4792810,4679541,4738538,4656779,4687955,4885427,4768961,4708743,4384840,3944631,4105431,4687156,4078609,4742633,4488059,4587269,4650696,5117926,4724607,4920017,5274854,4654805,4658177,4515539,4595464,4419982,4596804
SP01,354679,263561,313810,342081,388317,332082,327433,307663,299017,400655,440694,397631,399492,381292,401771,392227,395389,404270,414706,437971,425035,435647,441644,437388,497068,467209,481527,450906,505741,493945,421190,412348,410724,469329,496452,499191,495474,492813,480600,478098,471173,486359,475757,392747,394630,451787,419995,456454,505433,460843,486589,503295,478634,487777,443169,457469,438924,537136,457857,495491,499096,497742,482595,551268,535956,417913,440722,501160,438740,460402,478874,457931,554959,454397,494666,523160,471729,428778,400296,444867,481438,511506,492375,447966,422492,463135,472779,503782,493211,439285,384527,376412,439596,455875,528130,456564,462740,475884,505755,454405,454514,415869,402722,385840,420822,434929,383061,427886,433591,437423,487095,493264,406507,559812,409874,485036,435370,412082,411481,435798
SP02,610545,466055,540559,550666,603645,546624,543568,504996,479445,618239,612621,582688,626326,663782,616742,647878,602842,622037,623528,589583,625343,685019,668823,684411,765848,663395,764659,705717,720659,746864,660591,680680,692073,714685,701729,658181,769923,906821,775713,763226,749457,803029,846888,645821,657423,704018,679129,664514,832556,681493,853618,819445,744852,754508,635015,677837,708219,782595,619851,727058,745389,703686,712714,837136,827525,652530,652837,697844,643022,671444,789325,683676,742679,768248,758059,736437,672880,729146,712232,668276,722500,686590,643860,708591,657703,703875,708188,633516,684088,609798,659170,580132,627754,730301,689903,619795,757301,723033,693665,648003,752229,644495,558605,587226,677983,658330,671856,656297,666622,608495,674222,764616,620212,772211,698146,765014,637141,650931,600833,600028
SP03,2009970,1284904,1346989,1711452,1497037,1750162,1962517,1838384,1451827,1785809,2331821,2099135,1810825,2146894,2501416,2388098,2048371,2640810,2155418,2430504,2014126,2011683,2008828,2125700,2549120,2089502,1811118,2007553,2333852,2358661,2210834,2022770,1825764,2545694,2306148,2358866,2193353,2218683,2300072,2400180,2466462,2426028,2340081,1928105,2117995,1886814,2065435,2146911,2418521,2230299,2523815,2559605,2408908,2398778,2307524,2202019,2052842,2010552,2062185,2692456,2622786,2269090,2552226,2747512,2568732,2384315,2189507,2508864,2235320,2298009,2274268,2108880,2304182,2278176,2343199,2579455,2469156,2451807,2368091,1925559,2082760,2307047,2126371,2192800,2218057,2272627,2530331,2544281,2179906,2033055,2208300,2171383,2185092,2464608,2356844,2209043,2567628,2685859,2635082,2275790,1845696,2404939,1433622,2186180,2086270,2287149,2325701,1538092,2467691,2011840,2549492,2547697,2307080,2470087,2277819,2380230,2222553,2078936,1949165,2324622
SP04,186442,191670,160176,167042,172247,187337,175251,186300,174888,192889,210425,183978,189214,212279,197377,203053,211083,221380,202544,197308,205145,257026,198136,205196,270580,238194,219679,228528,216528,237496,198188,216623,206027,247855,200322,217567,225655,231232,248563,227558,203093,262015,215010,221665,201030,181763,199198,209089,223199,247785,216424,246915,221965,232601,211902,210472,243085,192474,199933,228102,212842,228450,240828,234417,251148,192426,184147,207221,187779,189447,203290,204846,213453,222807,198239,220739,238239,191883,225612,185641,183830,214201,196122,190466,192876,202739,204630,220926,215946,225714,167409,182189,197332,230243,189820,195229,190335,211771,204654,217890,196271,198511,156846,152772,199029,185358,187016,197397,203771,187322,215113,198310,197984,204910,181002,202733,204990,182243,218247,168305
SP05,2546101,3063874,2791697,2363414,2590796,1846178,2309726,1836298,1727510,2449689,2420037,2555528,2457799,2361811,2154283,2552620,2516703,2153433,2401325,2676667,1898950,2130421,2576987,2468747,2086390,2134371,2564814,2082275,2599863,2092368,2453392,2105858,2243659,2518624,2354788,2463759,2889131,2116031,2151283,2173628,2426094,2269712,2943632,3019914,2725010,2421652,2353708,2102045,2037811,2009313,2482534,1994397,2626706,2358818,2784351,2990478,2162387,2566225,2555314,2526947,2614427,2382648,2195538,2181429,2852183,2132246,2173425,2715167,2736226,2718860,2312691,2152067,2705195,2346100,2641829,2116372,2162974,2045465,2005736,2170457,2160527,2300877,2081838,2499022,2229108,2260554,2389780,2652766,2207292,2284825,2191467,1846177,2339479,1890967,2321922,2125301,2493257,2333426,2674094,2039692,2568684,2065336,2170283,2297690,2466475,2385928,2696314,2230400,2508120,2161394,2155648,2271834,2266626,2279692,2255956,2481538,2115550,2115666,2214893,2326305
X001,91583,897,150626,143314,154868,152420,132266,110933,90934,134678,151294,129335,123417,138452,134503,132837,169157,146964,138301,140261,249723,166588,159736,176568,257592,233844,168121,325,205198,1062,163539,143699,220922,121032,239088,242293,18390,160095,31910,293870,232656,229315,293207,1462,857,44690,160521,282967,126183,13723,162052,195623,250379,232795,1358,470,138904,930,2192,615,222992,1268,16,32033,22958,189469,24703,2513,2470,243144,176781,142665,292242,165788,304155,243664,213924,2433,20212,1953,275294,3502,143043,130921,2639,32535,124910,1378,2153,199115,205235,136814,178976,161936,160782,178527,233433,239181,148347,3566,208649,231679,169177,239739,2049,1175,1003,81039,23760,136143,1120,208399,217898,150915,179522,2724,152940,248978,3048,849
X002,242920,595,64407,88643,110270,121232,147227,137972,172118,170316,178322,160637,160303,173913,168031,174226,183738,201464,181619,176528,1387,272707,1691,92150,3136,120215,144029,1789,261395,1865,5456,873075,2115,440353,1098405,244037,104071,1457,1891,1840,172931,562582,138873,88080,1564,1757,165076,899,71351,53046,198358,192512,153961,1821,744,2376,67156,2203,1339,1240,460906,943,466,111165,85278,307714,107619,1606,3946,1610,1567,278468,566945,152939,3248,727829,1740,1201,626067,849,2248,1717,341528,440642,733,133323,24894,4455,1346,154507,278429,1494,860376,233048,142890,2062,142547,3094,2238,934,39296,94664,177965,132943,1303,1124,1937,2223,888130,190360,5830,35008,620655,451103,412627,1790,1132652,114476,928,469
X004,532945,1323,736060,671289,750409,736185,715192,601265,491685,711109,780015,733234,696847,775291,792425,767078,782487,873750,752202,756321,1169714,491679,86304,403413,466179,869114,246325,354665,236082,235535,1646028,1803267,477175,600699,522682,357453,265324,348016,1873494,182664,146405,1012435,920555,222293,65536,876737,674191,714233,586466,381278,227848,787893,34602,875388,252530,56771,479128,1036044,403011,62069,1009954,3222856,110144,843354,950931,236540,1016169,322264,916311,615718,1132164,386474,4950661,727197,1856781,917716,1209466,260936,1174673,2213566,1578332,171341,997804,312051,843454,892082,82797,986549,143821,119181,5907794,1167945,20274,444586,865503,1174632,1113967,467986,422731,262716,51363,1451451,78316,486429,1166943,126892,414381,194631,322712,55916,939338,79703,128802,204204,1299065,392362,36585,2994818,349515,640572
X006,412760,809,224933,230478,255024,286510,308738,278101,303693,339978,341252,335120,334585,346608,343326,337624,347556,349681,331366,351164,228459,510858,1084587,910622,224204,549287,55502,74941,444519,1591727,114484,189679,434021,615738,2268942,999927,245668,356491,81770,67454,529596,971134,435913,1062786,628133,189844,465658,258809,518722,396354,1047888,870528,571667,238520,21071,1686316,663114,459435,133810,887297,168512,158637,116492,306852,92713,280527,97428,717346,45816,471825,424368,465781,490602,171434,641436,345991,951536,312107,817978,15251,406922,982564,379340,891706,612916,212924,328725,139434,627799,120651,314900,494784,557418,285776,750639,214916,285015,756850,110876,156939,353612,186980,614213,129464,127441,1147296,69081,442989,666677,153940,232879,966292,147645,148357,175014,142434,760426,108868,131502,508432
X010,24193,189,65006,32739,26375,34886,33412,32794,26924,30711,35724,34843,26219,25155,42312,29510,29087,36611,30681,29331,55439,52521,33289,72483,47822,35098,34781,2151,55000,1708,35582,43853,48243,23327,32186,24649,16706,35826,23971,73793,68131,55438,41453,1518,1772,16516,31535,47794,32070,14681,30959,55157,36091,48528,759,822,40355,737,2045,1687,46464,1719,1750,24310,17234,51383,25068,1728,833,45238,59123,46806,43080,46594,76731,85859,46177,1729,15208,1445,41299,2362,40028,38112,1202,28643,29712,991,1992,31786,62150,39350,53071,51996,61263,39314,59568,44527,30010,1014,109912,84756,39170,38762,632,1012,601,10925,15335,34513,2245,59387,64597,36973,51695,1877,50901,35279,2194,811
X011,68760,963,47388,52536,50379,52161,54105,45523,54826,66501,72614,68529,58838,74657,70386,63233,75844,72449,63020,70165,54361,70465,69458,39074,73150,28718,46451,32735,98276,85009,37430,109270,57617,35701,26398,54402,58614,47584,22923,57372,159203,31586,82357,42496,128729,41959,39234,49518,46094,34690,38662,45528,57927,36719,23123,35231,22269,98663,39920,207338,38300,16691,15264,337222,103513,42257,54269,42896,47105,58068,85585,26076,67735,53755,75143,37548,110755,57915,13056,54565,35719,135204,28410,7311,61208,61347,101295,61856,102854,28118,18328,31141,106654,84878,38274,40125,15958,24276,73496,82883,103844,113923,39035,59892,71635,273858,103636,44361,25461,120243,74365,33330,143095,91255,28043,51714,77140,44952,109220,65735
X012,1684079,666,2676892,2996590,2881138,2980912,2776314,2427496,1805278,3024032,3289092,3020681,2821555,2917802,3397214,3011349,3151726,3392921,3226328,3354246,4426892,4348493,2892223,4951778,3872979,2926496,3399206,2755,4987103,1936,5271133,3281129,4054407,4301927,1854868,2522492,2280081,4734363,1392016,6232537,5607306,3730833,4570878,4414,6429,2307909,4758965,3702894,5053243,1538599,4718602,5551195,1717321,3928642,5903,5026,5457068,2337,2998,-1024,5052292,6776,4333,3323864,2404649,3640491,2786243,-429,-977,3861685,4823916,5575467,4504576,4446938,6137324,5232566,4008790,7530,2048515,364,4525937,2662,3278392,4521324,-794,3242386,3973113,8477,2043,1700619,4694132,4373569,5289139,4829653,4413167,4551804,4373205,5033883,4292842,3307,4994007,5161897,4503921,3811501,1300,3640,4316,2681464,3121435,3906032,-3680,5140314,5032775,4600758,4770081,1439,4216857,2997884,-294,1229
X013,76577,93,108376,93502,87749,95804,99540,78191,69270,98879,102571,105997,83851,98580,101792,96037,100002,97790,98501,98857,93015,21257,158246,53513,89224,39287,263122,47657,10904,7632,91274,37087,62340,7550,12091,16629,36801,40651,118546,68444,27788,494831,21433,13334,71318,103895,17510,70359,25482,16896,13763,75421,62725,49741,96067,32009,8069,44577,60030,11886,93419,20898,61168,44164,70263,26875,32080,60729,11987,105408,275226,63626,11494,45138,181226,70712,203502,13835,21547,50187,139277,74819,10220,24802,62320,31070,8836,7676,44199,29922,55002,110089,1648,156224,31592,27102,82546,72899,99688,214830,67173,82712,71080,28080,203594,23472,13358,485101,24438,11731,71638,7809,77972,30872,120413,19441,5004,71905,63669,99010
X016,118695,68,23794,35793,42671,58516,65320,66681,70979,76989,78562,69972,73900,79834,74957,73853,87702,90448,78724,89394,29232,5760,13106,56655,44586,64325,151077,81753,124756,498444,65649,82664,22973,24851,65358,37334,48612,27333,15316,1939,8581,41208,13230,96956,82853,5125,51546,32180,56466,137459,25344,42840,8615,47173,3478,25289,42876,198798,181530,384993,70749,76935,131216,142336,47584,18006,116833,170743,7751,2784,45668,18713,14584,43018,6699,69344,38124,91862,431548,17550,14129,138466,123913,78990,135530,172951,79784,133262,408326,250441,6580,13128,12067,8925,46249,2208,17872,63040,29622,261856,77494,23364,86577,29630,78193,277769,2252,18915,51951,100665,110352,124332,37521,175706,21250,61061,56145,65239,89094,574643
X017,15532,631,6293,4352,8292,7370,7665,7111,8935,8788,11616,9465,8800,10216,10990,9458,10544,12304,9019,11591,5874,7218,8143,2877,6046,8836,6681,18435,4916,6930,5609,6027,7983,8720,22946,14544,16647,7506,13437,9639,6243,9418,13569,5044,34250,9498,6329,6618,4115,13268,3904,10996,8301,7971,2417,10363,4524,6125,3281,15924,9636,5247,11569,16033,11629,7279,17823,3520,4757,8747,3812,6990,10944,10913,8044,10211,5975,4925,17037,5722,4278,7576,7676,3796,6196,19097,5326,5872,8564,9907,7824,5302,11785,9102,4407,3898,2819,8719,12941,3477,7717,9473,5077,9639,5759,6552,6351,4672,20509,5857,6939,9470,8632,10405,9629,6073,7660,15740,7875,8672
X019,8930,67,9505,9687,6788,10361,9892,8225,8112,9672,12429,11650,11410,10795,10983,9904,8874,10770,11008,10099,8685,10644,14074,16781,10848,14333,8652,140,9571,-39,9175,4875,20950,7722,16616,15242,12649,6927,10079,18825,18768,18162,17987,317,380,12863,9204,17150,3904,10963,9778,11270,35323,12715,607,521,9392,414,-166,929,14080,81,745,9540,10535,15914,10938,323,324,21953,17905,9782,28561,8787,24728,26528,10903,463,5338,1111,13637,530,4951,10289,477,22514,7453,887,490,11359,22699,7067,12495,9852,13617,5752,23677,17404,10680,291,28876,30485,11383,15821,553,306,509,2947,6644,6318,623,9293,17935,7251,12117,260,5547,13616,302,760
X020,1557463,70794,729614,854728,1014153,1158328,1155998,1142783,1026390,1130763,1361525,1196207,1413691,1223856,1700768,1290360,1360990,1608247,1450258,1224686,245833,1122063,470025,1447820,1326182,1651028,724251,114576,1650049,2201910,679039,939491,1178591,544968,1204708,2431393,1105594,617043,747979,264408,1764537,1045386,796901,97388,68286,335484,504692,1009714,1971040,1395900,1806087,577357,725112,1205801,918811,95549,1171670,988631,1042755,1753614,1069400,1214162,94217,1149747,1375282,1596061,1303348,1155011,1058803,1004858,1752426,1421463,1163248,2204118,1532489,4146205,1510045,1312900,1755987,1525507,999936,2102555,854870,1315865,2487556,1723805,2376027,1059320,1282303,1380830,1647913,438616,1075879,1214672,1426255,321602,1947543,1379768,439172,1924251,1235550,1486925,1548280,1319251,1417130,1389546,1319312,2085709,1603384,2363303,1597982,842403,936305,767146,851077,1581237,1357859,1345020,2029753,2443460
X022,433085,1058,318641,331911,323268,425641,432803,517323,708836,473612,445628,335393,443689,449564,430772,499472,489028,458892,348975,376946,105133,354456,146644,270391,478767,572169,348298,2332,916501,1088306,236679,470911,462561,271700,636784,883571,344575,104179,278625,55868,482005,369094,324674,2407,839,124464,227753,493616,639910,600959,862873,237647,176175,451083,342842,2205,357276,256410,531058,983728,573479,517442,2231,292810,492044,653201,365357,333152,178919,266501,620796,383849,415479,1089306,525245,1244684,540191,405032,783291,400424,199443,464876,251014,473673,1014010,685401,969661,562339,712052,917839,741899,145627,280776,431049,310583,80481,691098,477128,146506,408150,498847,448051,510859,682497,643264,614320,383070,1071518,791761,1249293,534158,263790,445818,430611,254942,537935,582817,312339,671012,1534990
X023,8361474,362,10337283,10760659,9181824,10678996,10008598,9301775,8099788,10669989,11078473,10700075,10214341,10826422,11101407,10542479,10758182,11200814,10769031,10519100,16510114,2026262,9719156,3289112,17132034,6793692,8341969,5934879,1690555,6353626,18945404,4827660,2929871,8596465,1967140,15454819,12855627,13573168,13978994,4654567,13060335,13529269,13376967,8015941,7680674,12009973,4123749,11085090,9906516,6372829,13829172,5500825,3566838,10293746,4384831,2128386,12919938,5610766,6107554,5304815,22143667,3394018,12472579,18639175,12505574,2508354,9275770,3762711,9070139,16972263,2837338,14587145,5723837,11385148,8170537,23949293,7613450,6527515,17794107,12335634,14688416,16119991,10185730,15229791,20996723,12706447,6419089,1447483,5986605,7571508,12470370,9511222,8671044,17785213,20676783,3162127,9645003,17717399,10909429,16643699,3884191,6219662,12304424,2251139,7382387,9491200,6878552,7905066,4472093,4409976,11286895,20051316,9659137,5796411,9263277,17648229,5391275,9434258,9186831,10045108
X024,327296,803,416892,418466,400392,446531,416878,364637,297981,400648,454656,422454,385489,390540,396486,350025,410719,433701,393804,486271,410512,70288,242770,131157,479050,263152,377067,172168,36790,226496,891470,209899,87811,346859,53890,645256,533038,311758,450500,157407,477884,491938,427326,210863,375672,424950,126048,488279,351142,154521,635008,259799,113792,331489,210144,65652,328481,199334,204135,139538,1165845,153400,741985,804527,469571,74161,462404,96879,475034,722970,122439,381021,164787,369046,339815,1277655,217495,338117,962967,431054,311854,858738,243834,643663,961643,527534,183097,54577,213549,252841,564626,460399,317504,634754,738738,99644,413211,535069,407473,811922,177490,290342,431476,119845,360761,264798,213353,262866,127794,147433,360537,834288,378229,225780,328864,1140282,144373,302928,315491,384276
X029,380731,1039,173354,203488,221378,475872,303667,471589,468487,312191,381116,304720,324948,278927,512091,301756,306389,586131,295411,254354,79750,2759831,196633,1073953,733733,1820187,329435,809,1042369,773735,138677,571955,302858,463769,601167,461396,762781,88428,383818,27580,636839,334882,1467513,1033,1347,27414,420358,639502,935593,4282970,732604,339800,584697,184905,172193,564,1160299,850390,1245392,1261338,802473,1025064,1153,1238524,223874,1119937,622126,526124,205388,135646,940706,635086,260667,2159092,221728,1256908,254213,490298,1539492,99067,893425,1436980,176595,823567,1829964,603633,1705587,830344,427868,1105892,1285610,40702,105329,847387,1404735,63706,1945605,334448,30658,1381941,1281547,861338,1590678,914673,941831,606494,105186,825083,579827,1423967,620099,756345,342298,501948,755007,1661655,1109843,970793,2193564,1107018
X032,386751,963,323446,158297,208499,215759,232774,213494,237912,253679,216880,255667,272999,242041,344961,319402,196513,335723,333433,271079,227155,218737,79384,159792,173451,458520,245897,139803,307282,214801,114635,298972,217409,278439,362665,92505,200303,301538,230420,282871,123327,246096,133030,71375,295053,198388,228953,239284,400117,110134,110685,244123,291772,175407,81293,83596,118459,138909,152408,179595,498337,144492,158485,163118,286558,171244,161255,100388,128690,99458,152249,130263,158520,211267,218406,257286,80997,431404,278757,113329,96873,147951,116425,134321,221425,319964,175253,303283,178224,393159,146750,108700,62960,191903,190862,198833,163796,240218,138705,96666,245158,134309,156348,259359,132435,157596,78205,72204,278071,189951,100936,228821,183277,186665,232288,201845,166124,338085,241861,84046
X036,24265,281,11298,14209,14918,16223,13518,18215,21758,-5406,22748,17819,19114,22567,20304,19907,21011,22946,19866,22456,11509,6016,5636,67037,3366,15666,35263,-2089,-4563,13527,6834,22996,-1883,-8159,54506,11553,13247,-585,18145,17244,3466,11881,15530,8493,16948,6122,18629,19781,33356,18384,27056,10261,30511,10566,28225,11756,17412,17496,74849,5155,9974,43127,55770,44021,32246,9944,45610,-1274,76823,11992,21045,10576,10474,23040,15110,20457,16212,43375,30654,38158,9461,511,13816,690,9488,23230,14275,37668,9678,21454,29880,15995,11928,23204,8108,14436,60638,2014,28611,306,71167,60500,-4335,66791,23241,33081,8463,-5146,9395,17594,8159,12587,1077,-2598,-2650,44966,22445,34273,3880,10300
X042,2731196,3416,2016809,2004079,1905848,2016831,1911859,1999594,2076987,2194575,2641083,2608866,2452099,2012962,2768517,2529739,2693918,2628371,2827761,2261521,2196528,2855871,3024857,2383197,1792943,3283265,2456139,2415281,2588531,3102026,2198781,2554645,3162669,2227993,3381393,2544434,2050923,2264200,2523058,1877765,1819955,2181215,4068705,2923163,1878785,3051612,1543067,2926880,3071522,1993687,2162462,2480937,2251533,2421037,2296795,2004844,2492576,2281328,1493024,1809429,1848369,3975683,1982843,2125429,2060215,2165991,2770589,2396048,3085993,1315602,2848063,3122517,1633178,2254432,3931431,2558782,1794312,1588907,1945774,2674019,1987212,2230387,2233458,1815714,2805300,2415178,2388519,1742280,1837260,1809559,2539835,2008651,1567130,1846896,1833802,1951603,2636430,1637286,1826895,1398997,3470442,3326777,1441555,2978896,1452209,2975507,2040844,1739713,2490178,1891059,2300930,2267430,1447168,2720802,1981214,1830087,1967204,2663875,2663034,2274191
X043,27217,566,10111,10981,13673,13551,16571,16721,18914,22182,24301,19133,17874,19663,17807,19539,24985,21306,22240,18941,12262,6743,9086,61250,19802,53814,21417,12614,8749,17488,6239,21062,6622,14208,34362,10859,22759,7620,5162,11205,20121,14666,9573,26032,26353,6080,28627,12738,24553,11024,15708,36564,36880,9439,18353,18694,15837,16163,57198,22858,20875,40876,20009,40229,27009,22278,46756,8727,28979,20459,12085,14141,19486,16783,6370,27306,62312,43004,34565,13111,8154,22400,13424,52953,12263,43390,13195,54512,11802,9155,9254,10595,12134,13178,11964,4763,44839,14766,8351,18532,23120,27628,15745,16149,16730,62313,7784,11279,24649,95960,17330,12762,27088,11220,32618,41209,12859,18105,28114,24724
X051,113943,-291,101626,47107,59115,40022,77653,58182,41098,76801,46905,100431,113138,81501,52172,121755,75289,70659,111630,90307,38146,81511,120069,33590,26474,50827,124235,72853,72422,88459,74464,30437,68385,56852,47114,77375,45991,27093,71224,37152,37424,45213,206023,206151,263634,101416,86177,35772,43528,20961,77049,98308,105538,26782,41429,60018,44651,121323,42248,39969,61993,176013,71987,42219,49140,57473,93536,60376,69185,67003,41721,109605,72043,112662,77638,31140,29051,27736,32908,18399,67711,36561,31232,55965,89035,53749,41836,116850,94666,37854,82514,46345,38542,48678,64331,50389,34432,121444,82086,56069,63267,32730,61903,95260,58534,138840,73112,33020,49857,64074,44362,73066,41324,49828,41277,41623,65531,59078,46733,154084
X055,2940936,738,3039532,3053756,2749480,2790465,3153847,2646758,2451807,3231810,3224551,3098559,3268638,3255825,3361248,3280263,3153513,3291229,3315415,3063378,3060931,2454429,2138949,1831375,2416718,3590576,2599040,3043334,2274470,1838462,2396409,3137674,3539547,1960639,2635126,4596984,3998148,2187455,3380922,2336035,3742765,3049737,3935032,2335347,906176,3201434,2039576,3177006,2503371,2555633,2424003,3057441,2625679,2479338,1333750,1941772,1468393,2833396,1727838,2427868,2582478,2753833,1071930,2715928,2688560,2511605,1561441,2139899,2890886,2076317,2832235,2472026,2878981,2657758,3888716,2437982,2174965,2518104,1974052,1625971,4196584,2682175,2663961,1233930,4173615,3320719,2211710,2170241,1784550,4116589,3371946,2109414,2140137,2937498,2617096,2792375,1980468,2994449,2949730,1735089,2092327,2513369,2048089,2292097,1773184,1642693,1401809,1627650,1623097,2827548,1869315,2518364,2148804,1878645,1944180,1210115,2218851,5341539,2472193,2004303
X066,1737717,1977,2281107,1475090,1569885,945092,1582170,880930,854395,1709593,1422665,2181279,1710759,1766823,1250023,2035749,1684754,1168710,1925424,1858325,777012,1014091,1421174,790725,757465,1174535,1532059,1434573,1065425,945187,1026861,699851,1512066,1013696,1743523,2208359,1500384,599463,1144502,639639,826688,956172,3142362,1495604,1687286,1785146,1501498,820439,825002,640135,1688837,726721,1880520,770111,699522,1049385,516121,1889907,1044360,937463,1088297,2355960,1066144,716622,1138630,938490,1336722,857081,1063590,1454028,1047684,968379,1293994,1077052,1716895,843834,722640,837133,711714,665311,1662225,1098518,715549,1400371,1361524,1753033,876456,1680106,1438579,1254221,2062365,856746,967665,794719,1326105,854503,928411,1862236,1857208,1249735,1002148,811490,941070,1920467,1534910,1193722,1234823,542143,1759272,1095940,1096013,946898,1261355,970310,722402,1135254,959141,1728558,1337264,2035614
X068,32746,37,10247,10518,13893,16045,19044,18309,21408,24035,23593,22637,23558,21172,24620,22856,20514,23363,19753,23871,13405,8085,22861,19609,8917,8580,22923,13953,15065,100837,11375,67774,4064,28077,53619,13059,26432,18733,3688,2147,7423,12630,156110,31510,80627,15422,9742,2709,10124,25923,17692,14594,25074,8919,19538,18750,78421,9818,61191,17143,2571,5134,8603,31265,10474,17641,7723,5912,8847,9733,5698,11375,4722,18811,51995,11263,8585,15717,32346,5323,7115,8583,8289,17244,18581,11761,12813,16052,6110,5688,5874,13505,9726,8655,15468,3425,49517,10138,4384,13170,45681,2336,36017,4645,7470,29852,3398,6902,2676,6143,10824,21569,7527,3927,3600,16735,7362,22030,12575,21692
X070,775734,177,380993,520484,570936,626391,647209,531375,625193,717471,614301,755276,703672,717853,678845,605547,739266,667818,648978,588304,767843,699739,348902,874137,527966,726051,666057,398274,922752,907893,504433,824979,618338,881531,817039,868011,832709,1104771,603494,865486,683228,627300,635458,412350,1163725,615801,682617,850255,901663,691541,545381,584904,617008,576627,387767,801580,667945,561869,695338,770157,809766,514146,703515,179875,885948,857023,754498,257453,570382,333261,742282,555452,684081,852979,769415,894517,234016,887880,1192755,572910,328788,597158,108138,673288,651457,753280,1019613,849957,797323,871007,615771,581329,45456,725606,922598,705187,506958,596457,701999,367282,885513,538132,633996,834347,559340,298798,563546,664765,1064896,842314,667740,690327,630076,670486,577323,578461,704079,780217,503448,619254
X081,12319,599,16546,16217,16483,16925,16114,12246,13031,18357,16457,17421,15903,16085,17592,16446,18775,17916,17223,17238,24550,34865,15978,24942,21369,13387,17914,524,38452,94,23402,19607,25771,32756,14010,10827,28059,24947,23426,36659,41262,24712,17484,-14,734,27008,39944,20141,17506,17267,22769,30361,19358,24241,451,494,21690,1206,309,463,41354,789,464,32866,19069,26395,23805,1234,348,23573,24557,28128,28020,22524,47294,39000,25920,718,18503,-91,25105,806,21354,23712,80,34595,15123,620,417,13341,34630,16923,29992,23720,34424,15324,35357,34839,31864,428,44344,35217,26413,21892,673,1044,731,9487,22610,18401,646,39918,25274,39046,34044,510,27325,13902,191,36
X082,244915,319,1,18943,43853,72668,103421,95623,158626,125617,132852,128067,119887,135043,134797,141555,127953,155001,129762,114737,838,837,691,830,308,-85,348877,261,609,342,991,656,1063,404652,24410,40,552772,146,711,429,559,216,569,86,247970,490,22646,780,223,470,497727,601,600,327,373,675,67,643,365,1093,880,720,325294,1388,164617,1038,-255,145,195410,454,728,550,394,204379,360,102939,894,631,318,284,743,407,45,226,978,561,478060,585,447,77031,305,413,830,30356,16959,768,2089958,442,787,113,562055,689,962,160,547,530,606,-108,197300,651,377,475,629,6993,412,303,924,223629,21,125
X278,18655,201,22857,26787,21898,24472,23907,21111,20662,23110,29430,22848,22697,27718,28782,27820,26406,25241,23013,27023,24831,13071,32103,12694,29756,11679,17727,14431,13915,6615,52005,40776,18460,19048,21623,10630,18424,29204,35604,27494,29047,37774,44016,7073,9908,41805,21208,34594,14635,12988,11860,20315,28153,20839,10927,6454,13011,22151,12027,17061,28394,16859,5975,28585,29155,23317,27959,19691,5587,59345,21585,12243,48794,19397,59982,18557,78176,8016,18320,16735,99115,17871,12287,7851,22603,23833,26430,12138,12149,9441,22108,57545,7902,40222,22645,21755,27469,29839,31072,23870,15385,30453,9614,9955,38054,9644,9013,11442,13553,14539,34028,21772,22764,28760,38838,8683,12761,112339,30261,9476
X279,5709,335,13383,14489,12665,11299,11891,9547,7531,11706,8970,9675,10602,10650,12471,8877,7968,12811,10073,10704,23100,15447,8446,22524,14679,5072,10634,512,25431,191,32865,12369,10946,15965,3743,5085,5420,19572,3549,26775,29844,10882,13436,383,189,5035,22735,8923,15781,2349,22600,27212,2768,13431,429,374,22743,95,285,429,19503,224,335,13625,4076,9548,9689,287,793,9403,15446,29400,13289,15302,26770,20359,14635,566,5421,522,22165,524,12894,19051,428,7185,13194,335,429,2927,14877,14777,28116,18176,17692,12622,15443,20571,16020,431,16557,19243,20829,9739,239,431,-17,10986,8876,12472,-71,25237,19910,20532,18855,335,16398,6525,191,431
X280,27662,87,16766,36614,32728,37250,32857,31422,25990,39879,44507,27835,38513,40635,41536,45652,39694,43959,34836,25440,56578,47389,120445,46737,49039,28216,30958,32002,18845,27673,23398,35425,45768,36369,4766,32032,29240,15494,69004,39842,17480,46804,46883,5872,174421,20930,17440,18064,26231,12706,63114,51903,20444,34165,118374,4109,6303,9705,18042,16074,73858,67211,9105,25508,4602,14568,22951,28695,50660,26966,26709,22967,19681,23492,32327,11284,61621,18078,10897,18650,29239,38729,12618,7428,29199,37225,22205,10817,65093,10750,18668,26586,5575,21993,47698,15193,76481,64922,82660,40834,27204,38814,61234,19428,77169,1876,10284,52214,49324,21703,53491,35794,39178,30324,41007,139168,7793,28285,44880,265883
X281,15242,344,13074,26305,30650,14783,26711,13858,9389,38987,20446,23062,35835,33872,18397,25960,25209,18416,27404,22712,18390,12710,39703,14764,21650,4721,11368,8648,12738,38063,35629,9683,28662,38960,1182,34316,22722,14869,11041,25297,15544,16147,27590,5735,-197884,21978,24221,12306,9515,4514,69750,12684,7539,16231,47538,4829,4293,13632,17901,2903,42694,28186,16694,7291,6523,6110,6299,11781,22932,47777,11756,11477,23331,5784,29116,3425,16040,13963,1928,3377,33761,16012,5979,6170,19636,26929,8223,21817,29895,2890,11209,17320,6464,9904,3657,5965,41637,43584,56131,33376,6820,11149,39270,14539,48092,1415,7585,46167,66606,12251,38784,14466,36495,15295,29564,123586,6342,11290,13587,92794
X283,10853,76,5512,6151,5852,6974,7760,7080,7141,8523,7786,8461,7835,7975,9706,8520,9455,8675,9346,8698,2099,15626,7294,13485,12510,14513,10136,206,25427,41334,7286,6870,14606,6035,12065,25639,18806,2311,4428,1834,17846,6968,11317,316,131,7928,5030,8831,22521,27153,23101,6998,8375,5980,9393,421,12965,17801,22053,21646,17211,21469,241,22042,17534,19456,24946,19816,11603,4842,24887,12929,12631,24066,4130,25805,9017,27825,19705,20619,16197,28073,3830,13333,28960,26318,21571,26585,40568,16760,27459,4289,11204,10505,15979,2109,17232,14081,2769,24286,17243,19194,18642,8717,20766,25392,12833,22913,39039,33600,27787,11464,4692,18894,8661,20757,7946,21326,23180,34440
X284,251316,115,31201,187613,200855,239923,333512,204936,208523,265902,291573,195003,320193,256368,302440,249558,299645,290663,225761,170317,47668,440887,240924,321378,719841,528417,426261,90,1340850,1376241,161541,578002,421633,185517,216394,1137090,747307,44733,108908,22178,478493,324070,260623,355,175,78199,135581,251745,504267,1226015,728953,102122,328476,352232,82611,149,443540,442124,450224,660659,332207,831822,566,674172,455704,617829,800420,597403,98751,140752,796792,504544,387416,1344018,241905,1040815,456942,559282,1036889,522726,598144,797353,349177,537472,1052620,787774,1483980,610402,511803,526272,847752,49006,161017,280881,487877,25200,391839,310280,10335,811719,420711,448982,606022,308191,382765,642707,157527,1025831,842021,1299337,783450,438562,162023,405805,195163,356442,1005231,1035044,437723,1326870
X285,6710090,1426,7198633,6768156,6658004,6967522,7007352,6093016,5659788,7201023,7377699,7523281,7261561,7308253,7873523,7322095,7309397,7842949,7717616,7271776,5898426,9817463,3023078,5313985,5764441,11299304,7980091,6404053,4308284,3323684,7074919,6720131,10471796,2999754,3993125,9742476,7206322,3026570,8626012,5979888,4765287,7284887,10500137,4444654,1703668,7549687,4088988,13320441,5950683,4668665,4433112,8477316,5545494,6672130,1965925,3369928,2056946,6612244,4902960,5514681,4210524,9466345,2160365,7227039,8254379,4748916,4967461,6613404,8724200,8117965,6702173,5456556,4359887,5192253,9465671,4016627,5017865,8770884,3669909,2172365,7869011,8165073,7038604,2117322,8223075,8477899,3622634,5944535,2663299,8834133,11137768,6036961,7894684,7599221,5031434,5393376,1874343,5363167,9346364,5032422,7087669,5045371,4551998,8582929,5954001,3828382,3157003,3948243,2555708,5446738,4893684,5748966,5244147,3416929,5605930,8706500,4912086,14241100,7844058,7040395
X286,621981,-43,575946,580734,605408,644322,609405,590498,544386,717788,710827,708310,711880,713021,762246,732653,707068,744986,704381,630026,479985,888006,269890,461456,457612,909145,702235,543245,360018,281819,605979,609351,802764,272120,326985,871455,679269,262665,816062,514931,364422,561134,991370,400891,146205,665709,311165,1214924,551809,450650,372231,661524,488207,623429,202854,316168,175585,611501,406527,505677,363685,838019,165886,644993,791657,377681,443737,636036,858029,696672,577761,501040,362324,400184,899582,347781,471326,883572,328324,192625,650492,806556,665943,193509,777736,798351,328919,567818,260189,878005,1013619,591123,729124,725076,449919,434713,162346,464913,888588,594541,598448,417052,406484,719568,573094,340677,285615,342003,214568,490873,450524,533569,425909,328751,510894,861384,462386,1524109,714294,709933
X287,3606736,3473,2279876,2500639,2537061,3052819,3096386,2949524,2296564,3577996,3328377,3934004,3942130,3378673,3637017,4705814,3762353,3357934,3416528,2745459,653088,4154733,3098034,3507562,6042269,6804579,4552302,3221,15155445,12376121,2386956,4374504,6226454,3257624,3918391,9403122,5285479,682607,1745883,387210,6108041,4164472,3674610,2890,1667,1250807,1847289,3348038,5389982,6402424,8769628,1852692,4557001,4428947,1005015,1810,4607584,6460328,7335342,7931242,3650963,8757581,4469,4173109,4274279,7619152,5756732,6459593,1472162,2089733,10705992,5068848,4360320,10780491,4012654,12031466,3583931,9452128,9449160,4013421,4231173,8400854,2815913,4538853,9262220,6794084,11986882,10155402,8308590,5691190,9595283,680777,2103676,3741981,5498888,402020,5407652,3462427,617671,8429825,4466682,6914487,6490106,4611441,7552212,6140450,1801897,12659766,9722921,13783036,7475667,3357421,2763776,3829146,1749585,7345775,5803531,8662003,8887123,16432660
X288,121,32,89,71,83,15,14,52,14,54,30,59,198,130,14,26,44,59,74,56,75,14,92,29,50,99,101,97,129,316,44,22,81,29,57,115,22,104,14,92,14,14,74,32,45,115,135,93,16,164,49,111,13,65,57,39,61,23,30,96,74,44,45,24,96,65,52,45,51,31,47,230,208,39,153,133,81,20,118,37,132,15,130,33,44,36,281,235,92,29,39,83,198,74,15,32,29,-1,75,13,14,74,63,31,106,82,29,41,32,19,22,26,14,164,47,9,232,130,131,1
X289,83306,196,73089,70447,79848,76789,72230,80328,76548,97055,82282,85163,88589,78825,93689,89429,88177,93189,96726,89779,59932,58114,72670,51854,84100,80755,102472,144689,65382,59556,42935,58486,103227,33505,100748,96713,90715,26730,85302,40108,45919,80874,240657,64325,65587,83701,62821,49866,48629,72868,73780,72150,90770,68468,39876,40817,56788,95374,30340,115631,66052,151775,48052,103629,65841,45259,80357,70604,82089,60120,109830,104364,76411,80155,89110,67009,109654,80165,46358,56621,40628,75676,60212,38925,152335,118873,50356,121089,72879,90021,102089,55759,52284,64678,48178,76099,43579,138544,117586,112082,76771,121250,65278,89948,96178,50724,36224,61845,55475,48715,86740,53882,127460,96177,74510,56604,92799,184060,125270,100843
X292,3477133,81,1811864,2109421,2224129,2515402,2718689,2374456,2534468,3012005,3446701,3336169,3165478,3284324,3396079,3283950,3335688,3463346,3179857,3287663,4993856,9498468,6500005,7098876,1928795,5494393,251065,131634,4071510,10255841,1306623,409262,3549910,4822974,11380730,8072598,2026917,552252,100659,144221,248484,9350125,7353347,5621604,8309673,1399820,2640603,956333,134188,4462602,1639055,8252606,2683192,3855973,43865,9681031,3521552,4491543,216664,8025375,175564,217591,465222,1388213,2512095,420355,254657,6429280,27541,1581042,282783,4061277,5011390,658104,11222487,2538104,9532865,3074556,5222117,-3085,3240568,8552894,1273794,4877233,4979133,1098265,1408390,1474410,2541745,392112,2278234,3895237,9992546,3778230,5320454,1458873,2314006,10650238,603482,1614692,2532211,1139726,8262333,21001,3602599,9504231,42539,3026535,1443865,123474,3945433,13793962,130449,878261,481419,346594,8852949,735390,455914,339514
X293,27888,205,20305,21583,21944,23484,23904,21205,21663,26607,34374,32730,29223,30162,32888,32254,31422,32843,32957,32724,19976,26615,20689,36428,29420,20537,30413,19295,11737,12000,28017,19131,19420,18547,19750,28169,10973,13919,30991,34040,36252,46721,22727,27026,25694,22612,35191,32652,32885,14583,33685,22500,20963,16776,22120,12617,19283,24643,30424,17722,34393,47073,32983,44207,41878,18223,38360,53075,56138,32824,44740,31188,34551,14489,31529,40965,26331,22084,22797,29208,29119,37947,21309,10896,35051,33128,21524,27093,27855,18103,33366,23908,29467,28812,34899,18404,41755,37817,40857,27129,35002,29633,21717,27175,42345,34489,17113,76494,27371,26351,26952,70073,32136,34579,23430,42548,36082,58067,32492,27499
X314,4011,83,4568,4512,3677,3678,2801,3655,2716,4305,3843,3458,3634,5141,3010,4464,3466,4761,3510,3468,3592,1925,4655,1964,4469,3572,2842,16866,2152,2185,4471,2832,5134,2466,3469,4053,1630,3261,3927,2383,1880,4849,1587,6593,6144,3508,2547,5680,1504,1255,2298,2219,2637,5013,1349,4886,1168,3715,2654,2173,3370,4073,12621,1567,2378,1797,2048,4459,2800,3134,1840,1204,2802,2006,2008,3092,5138,4029,2880,2506,5017,3760,3386,1256,4218,3008,1755,4761,3257,3426,1923,3134,3508,2341,2757,2123,2380,4932,4009,2339,2297,1421,1798,2215,5519,1693,1668,1439,1756,1782,4847,2549,3677,3198,2087,3506,1964,3909,4011,4969
X315,1092983,315,286396,776415,747756,965397,882026,925721,966895,1008565,1123847,696441,1137580,935306,1270425,1022634,989827,1094058,801520,588682,153888,2567412,1293491,1153544,2586415,2834830,1919092,639,4403980,5711337,785767,1470647,2148994,961009,1478653,3847408,1972608,176303,565962,81328,2221396,1439536,1129700,772,347,247420,578419,1247605,2352576,3402495,2687295,580276,1680905,1290718,597358,-27,2142505,2345481,2173851,2741959,1636131,2678911,691,2163033,1035566,2412488,2346501,2485457,516610,740253,2259504,1800498,1364338,4209029,984946,3589085,1630958,2523246,3095009,1479835,1678376,2509667,894027,1962777,4329697,2164062,4506753,2396021,1721949,2289218,2681529,172169,562492,1099159,1993765,94026,1761593,1122697,170997,4003080,1738805,1728313,2471732,1031945,1610273,2456318,723325,4733402,2608356,4046843,2459723,1410499,544629,1303282,785786,2438175,2420345,3351845,2318110,4476856
X316,1314403,1440,830859,975649,997896,1227697,1144643,1346810,2283781,1373990,1276914,1148060,1353760,1180234,1289588,1370111,1456266,1623415,1131161,1238007,279576,1053119,490061,812250,1585480,1604566,856462,3664,3128804,3315221,769961,1442976,1460983,830943,1936997,2485095,1123781,340105,864530,150507,1468759,1243863,835946,4164,3267,381753,774646,1324564,2074237,1683098,2719300,644709,550048,1056498,1023345,1740,1048999,946083,1586972,2890759,1742822,1650310,5652,935428,1389708,1679476,1094272,1011847,512941,689347,1999739,1112328,1368599,3244571,1764532,3745072,1496095,1269882,1976550,1403365,622715,1464204,779872,1469781,2993108,2068819,3328388,1657503,2181307,2627834,2390617,413441,831279,1358607,997390,231866,1787016,1544433,453091,1102370,1658374,1424486,1637266,1780363,2212608,1466512,1050119,2790793,2151434,3652640,1695414,766595,1219676,1115787,809427,1769494,1638549,967873,2066217,3651956
